ID	BEDS	BATHS	SQFT	YEAR	LAST_SALE_PRICE	URL	LATITUDE	LONGITUDE	ELEMENTARY	MIDDLE	HIGH	HOME_TYPE	REMODELED	IRATING	ERATING	ADDRESS	CITY	STATE	ZIP_CODE	LOT_SIZE	LAST_SALE_DATE	IMAGE_URL
2	2	1	1190	73	1200000	http://www.redfin.com/CA/San-Mateo/266-W-40th-Ave-94403/home/1752305	37.528515	-122.299805	9	8	5	1	0	3	4	266 W 40th Ave	San Mateo	CA	94403		7/25/14	http://110.mlsimages.movoto.com/042/424942_4.jpg
3	4	2	1830	76	1176000	http://www.redfin.com/CA/San-Mateo/437-27th-Ave-94403/home/1079576	37.53867	-122.312019	9	8	8	1	0	2.5	2.5	437 27TH Ave	San Mateo	CA	94403	7000	9/3/14	http://110.mlsimages.movoto.com/042/424942_4.jpg
4	3	1	1190	61	1075000	http://www.redfin.com/CA/San-Mateo/4301-Alameda-De-Las-Pulgas-94403/home/759241	37.524136	-122.30217	9	8	5	1	0	3	4	4301 Alameda De Las Pulgas	San Mateo	CA	94403		7/25/14	http://110.mlsimages.movoto.com/042/424942_4.jpg
7	3	1	2010	107	825000	http://www.redfin.com/CA/San-Mateo/311-N-Claremont-St-94401/home/2058880	37.57304	-122.328812	9	8	8	1	0	2.5	2.5	311 N Claremont St	San Mateo	CA	94401		8/20/14	http://110.mlsimages.movoto.com/042/424942_4.jpg
8	4	3	2589	74	1354000	http://www.redfin.com/CA/San-Mateo/119-Burbank-Ave-94403/home/2058994	37.529552	-122.29454	9	8	8	1	0	4	3.5	119 BURBANK Ave	San Mateo	CA	94403	5225	8/20/14	http://110.mlsimages.movoto.com/042/424942_4.jpg
9	4	2.5	2580	43	1580000	http://www.redfin.com/CA/San-Mateo/1647-Overland-Dr-94403/home/750341	37.527435	-122.328812	9	8	8	1	1	5	4.5	1647 OVERLAND Dr	San Mateo	CA	94403	8362	7/30/14	http://110.mlsimages.movoto.com/042/424942_4.jpg
10	2	1	820	64	710000	http://www.redfin.com/CA/San-Mateo/1025-Norton-St-94401/home/1322029	37.565552	-122.306549	9	8	8	1	1	3.5	3.5	1025 NORTON St	San Mateo	CA	94401	5550	9/2/14	http://110.mlsimages.movoto.com/042/424942_4.jpg
11	3	2	1400	59	1130000	http://www.redfin.com/CA/San-Mateo/647-Vanessa-Dr-94402/home/1716172	37.557613	-122.306366	9	8	8	1	1	5	4	647 VANESSA Dr	San Mateo	CA	94402	5005	9/19/14	http://110.mlsimages.movoto.com/042/424942_4.jpg
13	1	1	692	40	435000	http://www.redfin.com/CA/San-Mateo/1919-Alameda-De-Las-Pulgas-94403/unit-108/home/2058387	37.54665	-122.320091	9	8	8	2	0	3.5	3.5	1919 ALAMEDA DE LAS PULGAS unit 108	San Mateo	CA	94403	131328	9/9/14	http://110.mlsimages.movoto.com/042/424942_4.jpg
14	4	2.5	2360	42	1930000	http://www.redfin.com/CA/San-Mateo/9-Parrott-Ct-94402/home/2008852	37.523712	-122.335449	9	8	8	1	1	4	4	9 PARROTT Ct	San Mateo	CA	94402	19000	8/12/14	http://110.mlsimages.movoto.com/042/424942_4.jpg
15	7	5	5360	108	4350000	http://www.redfin.com/CA/San-Mateo/224-Warren-Rd-94402/home/695249	37.570305	-122.346436	9	8	8	1	0	4	4.5	224 WARREN Rd	San Mateo	CA	94402	21344	9/20/14	http://110.mlsimages.movoto.com/042/424942_4.jpg
17	3	1	1310	63	739000	http://www.redfin.com/CA/San-Mateo/500-N-Idaho-St-94401/home/2049335	37.579826	-122.325478	9	8	5	1	0	3	3	500 N IDAHO St	San Mateo	CA	94401	5565	8/18/14	http://110.mlsimages.movoto.com/042/424942_4.jpg
18	3	2	1292	40	618000	http://www.redfin.com/CA/San-Mateo/2001-Alameda-De-Las-Pulgas-94403/unit-182/home/1252654	37.54665	-122.320091	9	8	8	2	0	3.5	3	2001 ALAMEDA DE LAS PULGAS unit 182	San Mateo	CA	94403	60687	9/11/14	http://110.mlsimages.movoto.com/042/424942_4.jpg
23	1	1	827	40	379000	http://www.redfin.com/CA/San-Mateo/828-N-El-Camino-Real-94401/unit-8/home/1242825	37.574112	-122.341354	9	8	8	2	0	3	3	828 N El Camino Real Unit 8	San Mateo	CA	94401		7/31/14	http://110.mlsimages.movoto.com/042/424942_4.jpg
24	4	2	1460	36	980000	http://www.redfin.com/CA/San-Mateo/4108-Margaret-Ct-94403/home/2001821	37.531071	-122.283356	10	8	8	1	0	3	0	4108 MARGARET Ct	San Mateo	CA	94403	5200	8/25/14	http://110.mlsimages.movoto.com/042/424942_4.jpg
25	1	1	693	49	407000	http://www.redfin.com/CA/San-Mateo/847-N-Humboldt-St-94401/unit-217/home/17308361	37.580692	-122.331261	9	8	8	2	0	2.5	0	847 N HUMBOLDT St unit 217	San Mateo	CA	94401	1114920	8/22/14	http://110.mlsimages.movoto.com/042/424942_4.jpg
26	1	1	794	25	292880	http://www.redfin.com/CA/San-Mateo/211-S-Fremont-St-94401/unit-305/home/1872781	37.569206	-122.318405	9	8	5	2	0	3	4	211 S FREMONT St unit 305	San Mateo	CA	94401	106122	9/23/14	http://110.mlsimages.movoto.com/042/424942_4.jpg
27	3	2.5	2060	38	1235000	http://www.redfin.com/CA/San-Mateo/1141-Shoal-Dr-94404/home/1648119	37.56237	-122.291916	9	8	8	2	0	4	4.5	1141 SHOAL Dr	San Mateo	CA	94404	2782	9/5/14	http://110.mlsimages.movoto.com/042/424942_4.jpg
28	4	2.5	2200	41	1838000	http://www.redfin.com/CA/San-Mateo/609-Caribbean-Way-94402/home/1791725	37.547771	-122.324585	9	8	8	1	0	4	3	609 CARIBBEAN Way	San Mateo	CA	94402	6480	9/10/14	http://110.mlsimages.movoto.com/042/424942_4.jpg
29	2	2	1786	34	1010000	http://www.redfin.com/CA/San-Mateo/555-Laurel-Ave-94401/unit-407/home/979188	37.563381	-122.321182	9	8	8	2	0	3	0	555 LAUREL Ave unit 407	San Mateo	CA	94401	92393	9/19/14	http://110.mlsimages.movoto.com/042/424942_4.jpg
30	3	2	1860	64	1250000	http://www.redfin.com/CA/San-Mateo/328-Sylvan-Ave-94403/home/1631949	37.536507	-122.307755	9	8	8	1	1	3	4	328 SYLVAN Ave	San Mateo	CA	94403	5500	8/19/14	http://110.mlsimages.movoto.com/042/424942_4.jpg
31	4	3	2900	75	1404000	http://www.redfin.com/CA/San-Mateo/345-Aragon-Blvd-94402/home/2053181	37.553146	-122.325821	9	8	8	1	0	4	4	345 Aragon Blvd	San Mateo	CA	94402		8/11/14	http://110.mlsimages.movoto.com/042/424942_4.jpg
32	6	2.5	2610	39	1373750	http://www.redfin.com/CA/San-Mateo/1503-Cherrywood-Dr-94403/home/2054194	37.523102	-122.327187	9	8	8	1	0	2	0	1503 CHERRYWOOD Dr	San Mateo	CA	94403	7548	7/30/14	http://110.mlsimages.movoto.com/042/424942_4.jpg
33	5	3.5	2490	55	1700000	http://www.redfin.com/CA/San-Mateo/2629-Monterey-St-94403/home/2057199	37.536304	-122.320602	9	8	5	1	1	4.5	4	2629 MONTEREY St	San Mateo	CA	94403	6875	9/2/14	http://110.mlsimages.movoto.com/042/424942_4.jpg
34	2	1	913	49	530000	http://www.redfin.com/CA/San-Mateo/821-N-Humboldt-St-94401/unit-211/home/12402640	37.580692	-122.331261	9	8	8	2	1	2.5	0	821 N HUMBOLDT St unit 211	San Mateo	CA	94401	1114920	8/9/14	http://110.mlsimages.movoto.com/042/424942_4.jpg
35	2	1	1130	73	820000	http://www.redfin.com/CA/San-Mateo/311-31st-Ave-94403/home/1477256	37.535637	-122.306595	9	8	5	1	0	3	3	311 31st Ave	San Mateo	CA	94403		8/20/14	http://110.mlsimages.movoto.com/042/424942_4.jpg
38	3	2	1410	64	1200000	http://www.redfin.com/CA/San-Mateo/2658-Garfield-St-94403/home/1623633	37.54142	-122.307816	9	8	8	1	1	3	3	2658 GARFIELD St	San Mateo	CA	94403	9882	9/4/14	http://110.mlsimages.movoto.com/042/424942_4.jpg
42	5	2	1960	64	835000	http://www.redfin.com/CA/San-Mateo/1403-Mefferd-Ave-94401/home/703041	37.578259	-122.318871	9	8	8	1	0	3.5	3	1403 MEFFERD Ave	San Mateo	CA	94401	6000	8/7/14	http://110.mlsimages.movoto.com/042/424942_4.jpg
44	4	3.5	2603	65	2200000	http://www.redfin.com/CA/San-Mateo/412-Stephen-Rd-94403/home/1415255	37.533527	-122.307312	9	8	8	1	1	5	3.5	412 STEPHEN Rd	San Mateo	CA	94403	12240	9/9/14	http://110.mlsimages.movoto.com/042/424942_4.jpg
45	4	2	1540	58	1138000	http://www.redfin.com/CA/San-Mateo/1738-Celeste-Dr-94402/home/2050354	37.55582	-122.304352	9	8	8	1	1	4	3.5	1738 CELESTE Dr	San Mateo	CA	94402	5400	8/29/14	http://110.mlsimages.movoto.com/042/424942_4.jpg
46	4	2	1250	63	746300	http://www.redfin.com/CA/San-Mateo/1601-Dale-Ave-94401/home/712405	37.567913	-122.303207	9	8	8	1	0	2.5	2.5	1601 DALE Ave	San Mateo	CA	94401	5044	8/29/14	http://110.mlsimages.movoto.com/042/424942_4.jpg
49	4	3	1710	55	1655000	http://www.redfin.com/CA/San-Mateo/139-Lakeshore-Dr-94402/home/1642220	37.532089	-122.345993	9	8	8	1	0	4	3	139 LAKESHORE Dr	San Mateo	CA	94402	9760	7/16/14	http://110.mlsimages.movoto.com/042/424942_4.jpg
50	3	1	1539	60	710000	http://www.redfin.com/CA/San-Mateo/1666-S-Norfolk-St-94403/home/1331493	37.561165	-122.299263	9	8	8	1	0	3	2	1666 S NORFOLK St	San Mateo	CA	94403	5400	9/9/14	http://110.mlsimages.movoto.com/042/424942_4.jpg
52	2	1	1031	21	590000	http://www.redfin.com/CA/San-Mateo/2058-S-Delaware-St-94403/unit-14/home/1763638	37.549801	-122.305794	9	8	8	2	0	3.5	0	2058 S DELAWARE St	San Mateo	CA	94403	52514	8/26/14	http://110.mlsimages.movoto.com/042/424942_4.jpg
53	1	1	625	21	400000	http://www.redfin.com/CA/San-Mateo/231-N-El-Camino-Real-94401/unit-101/home/1279263	37.568428	-122.33313	9	8	5	2	0	3	0	231 N EL CAMINO REAL unit 101	San Mateo	CA	94401	16946	7/24/14	http://110.mlsimages.movoto.com/042/424942_4.jpg
54	3	1.5	1460	61	802000	http://www.redfin.com/CA/San-Mateo/13-Hillbarn-Ct-94403/home/1160608	37.527805	-122.293236	9	8	8	1	0	0.5	0.5	13 HILLBARN Ct	San Mateo	CA	94403	5508	8/14/14	http://110.mlsimages.movoto.com/042/424942_4.jpg
55	3	2	1280	30	755000	http://www.redfin.com/CA/San-Mateo/1744-Vista-Del-Sol-94404/unit-5/home/1681058	37.555599	-122.284813	9	8	8	2	0	4	4	1744 VISTA DEL SOL	San Mateo	CA	94404	118202	8/13/14	http://110.mlsimages.movoto.com/042/424942_4.jpg
56	3	2.5	1215	16	730500	http://www.redfin.com/CA/San-Mateo/372-N-El-Camino-Real-94401/unit-10/home/1945072	37.569908	-122.334671	9	8	8	2	0	3.5	3.5	372 N EL CAMINO REAL	San Mateo	CA	94401	19842	8/11/14	http://110.mlsimages.movoto.com/042/424942_4.jpg
57	1	1	840	49	496000	http://www.redfin.com/CA/San-Mateo/4197-George-Ave-94403/unit-2/home/1261882	37.531399	-122.287308	10	8	8	2	1	3	3	4197 GEORGE Ave unit 2	San Mateo	CA	94403	319489	8/7/14	http://110.mlsimages.movoto.com/042/424942_4.jpg
58	4	3.5	3120	10	1558000	http://www.redfin.com/CA/Belmont/3034-San-Juan-Blvd-94002/home/1007622	37.518734	-122.314217	5	8	4	1	0	3.5	4	3034 San Juan Blvd	Belmont	CA	94002		7/15/14	http://110.mlsimages.movoto.com/042/424942_4.jpg
59	4	4	2760	51	1660000	http://www.redfin.com/CA/Belmont/2627-Lincoln-Ave-94002/home/2050433	37.521145	-122.307747	10	8	8	1	0	4	3.5	2627 LINCOLN Ave	Belmont	CA	94002	7150	8/15/14	http://110.mlsimages.movoto.com/042/424942_4.jpg
60	4	3	2100	72	1310000	http://www.redfin.com/CA/San-Mateo/3016-Fernwood-St-94403/home/1693822	37.533939	-122.314194	9	8	8	1	0	3.5	3.5	3016 FERNWOOD St	San Mateo	CA	94403	5084	8/8/14	http://110.mlsimages.movoto.com/042/424942_4.jpg
61	2	2.5	1275	1	775000	http://www.redfin.com/CA/San-Mateo/105-N-Hummingbird-Ln-94402/home/56875725	37.565647	-122.309074	9	8	8	2	0	3	0	105 N HUMMINGBIRD Ln	San Mateo	CA	94402		9/2/14	http://110.mlsimages.movoto.com/042/424942_4.jpg
64	1	1	663	40	430000	http://www.redfin.com/CA/San-Mateo/1919-Alameda-De-Las-Pulgas-94403/unit-75/home/2054622	37.546494	-122.321114	9	8	8	2	0	2.5	0	1919 ALAMEDA DE LAS PULGAS unit 75	San Mateo	CA	94403	131328	8/24/14	http://110.mlsimages.movoto.com/042/424942_4.jpg
65	2	2	1040	49	607000	http://www.redfin.com/CA/San-Mateo/4220-George-Ave-94403/unit-3/home/1938696	37.531399	-122.287308	10	8	8	2	0	3	0	4220 GEORGE Ave unit 3	San Mateo	CA	94403	319489	9/23/14	http://110.mlsimages.movoto.com/042/424942_4.jpg
66	3	2	1080	59	775000	http://www.redfin.com/CA/San-Mateo/1610-Noe-Ave-94401/home/1740547	37.563114	-122.299164	9	8	8	1	0	3	3	1610 NOE Ave	San Mateo	CA	94401	6160	8/19/14	http://110.mlsimages.movoto.com/042/424942_4.jpg
68	3	1.5	1054	53	575000	http://www.redfin.com/CA/San-Mateo/1615-Marina-Ct-94403/unit-D/home/1811047	37.551739	-122.287231	9	8	8	2	0	3	4	1615 MARINA Ct Unit D	San Mateo	CA	94403	173093	8/6/14	http://110.mlsimages.movoto.com/042/424942_4.jpg
69	1	2	1150	35	758000	http://www.redfin.com/CA/San-Mateo/894-Wharfside-Rd-94404/unit-5-1-2/home/1729884	37.559498	-122.288673	9	8	8	2	0	3	3.5	894 WHARFSIDE Rd	San Mateo	CA	94404		8/19/14	http://110.mlsimages.movoto.com/042/424942_4.jpg
70	2	1	1150	77	1155000	http://www.redfin.com/CA/Burlingame/232-Bancroft-Rd-94010/home/1983070	37.585655	-122.336067	4	8	5	1	0	3	3.5	232 BANCROFT Rd	Burlingame	CA	94010	6000	8/13/14	http://110.mlsimages.movoto.com/042/424942_4.jpg
72	2	2	1480	22	790000	http://www.redfin.com/CA/San-Mateo/601-Laurel-Ave-94401/unit-406/home/964795	37.562622	-122.320808	9	8	4	2	0	4	0	601 LAUREL Ave unit 406	San Mateo	CA	94401	31359	8/20/14	http://110.mlsimages.movoto.com/042/424942_4.jpg
73	3	2	1625	35	1150000	http://www.redfin.com/CA/San-Mateo/886-Wharfside-Rd-94404/unit-5-2-3/home/2054617	37.559498	-122.288673	9	8	8	2	0	3.5	4	886 WHARFSIDE Rd	San Mateo	CA	94404	1900	7/26/14	http://110.mlsimages.movoto.com/042/424942_4.jpg
74	2	1	930	66	712000	http://www.redfin.com/CA/San-Mateo/2-Olive-Ct-94401/home/706364	37.577061	-122.310127	9	8	8	1	0	3	3.5	2 Olive Ct	San Mateo	CA	94401		7/30/14	http://110.mlsimages.movoto.com/042/424942_4.jpg
75	3	3	2960	82	2275000	http://www.redfin.com/CA/San-Mateo/520-Costa-Rica-Ave-94402/home/1647746	37.567104	-122.346199	9	8	8	1	0	4.5	4	520 COSTA RICA Ave	San Mateo	CA	94402	7198	9/18/14	http://110.mlsimages.movoto.com/042/424942_4.jpg
76	3	2.5	1600	40	986000	http://www.redfin.com/CA/San-Mateo/30-Creekridge-Ct-94402/home/752941	37.530064	-122.331711	9	8	8	2	0	4.5	4	30 CREEKRIDGE Ct	San Mateo	CA	94402	1632	8/13/14	http://110.mlsimages.movoto.com/042/424942_4.jpg
77	2	2	1140	26	450000	http://www.redfin.com/CA/San-Mateo/1-Baldwin-Ave-94401/unit-911/home/980539	37.566093	-122.327995	9	8	5	2	0	3	0	1 BALDWIN Ave unit 911	San Mateo	CA	94401	86325	8/6/14	http://110.mlsimages.movoto.com/042/424942_4.jpg
78	3	2.5	2790	24	1955000	http://www.redfin.com/CA/Burlingame/1540-Barroilhet-Ave-94010/home/1946133	37.573414	-122.34436	4	8	5	1	0	4	4	1540 Barroilhet Ave	Burlingame	CA	94010		8/12/14	http://110.mlsimages.movoto.com/042/424942_4.jpg
80	1	1	692	40	428000	http://www.redfin.com/CA/San-Mateo/1919-Alameda-De-Las-Pulgas-94403/unit-123/home/2054623	37.546494	-122.321114	9	8	8	2	1	3	0	1919 ALAMEDA DE LAS PULGAS unit 123	San Mateo	CA	94403	131328	8/5/14	http://110.mlsimages.movoto.com/042/424942_4.jpg
82	2	2	889	51	425000	http://www.redfin.com/CA/San-Mateo/1518-Lago-St-94403/unit-204/home/1602971	37.545479	-122.28373	9	8	8	2	0	2.5	0	1518 Lago St Apt 204	San Mateo	CA	94403		7/11/14	http://110.mlsimages.movoto.com/042/424942_4.jpg
83	3	1	1110	60	900000	http://www.redfin.com/CA/San-Mateo/2057-Texas-Way-94403/home/725790	37.550079	-122.303665	9	8	8	1	0	3.5	4	2057 Texas Way	San Mateo	CA	94403		8/8/14	http://110.mlsimages.movoto.com/042/424942_4.jpg
84	3	2	1580	63	1001000	http://www.redfin.com/CA/San-Mateo/50-Otay-Ave-94403/home/741346	37.53709	-122.2938	9	8	8	1	0	2.5	3	50 Otay Ave	San Mateo	CA	94403		7/11/14	http://110.mlsimages.movoto.com/042/424942_4.jpg
85	3	2	2664	72	2250100	http://www.redfin.com/CA/San-Mateo/655-Parrott-Dr-94402/home/1829264	37.552326	-122.336037	9	8	8	1	1	4.5	4.5	655 PARROTT Dr	San Mateo	CA	94402	7680	8/14/14	http://110.mlsimages.movoto.com/042/424942_4.jpg
86	3	1	1100	66	775000	http://www.redfin.com/CA/San-Mateo/308-N-Kingston-St-94401/home/1395707	37.579468	-122.320305	9	8	8	1	0	4	3.5	308 N Kingston St	San Mateo	CA	94401		8/7/14	http://110.mlsimages.movoto.com/042/424942_4.jpg
87	2	2.5	2930	22	1500000	http://www.redfin.com/CA/San-Mateo/601-Laurel-Ave-94401/unit-1006/home/1847070	37.562622	-122.320808	9	8	8	2	0	3.5	0	601 LAUREL Ave unit 1006	San Mateo	CA	94401	31359	8/18/14	http://110.mlsimages.movoto.com/042/424942_4.jpg
88	2	1	1040	74	1055000	http://www.redfin.com/CA/San-Mateo/405-30th-Ave-94403/home/736898	37.536228	-122.309265	9	8	8	1	1	3	3.5	405 30TH Ave	San Mateo	CA	94403	5500	7/27/14	http://110.mlsimages.movoto.com/042/424942_4.jpg
89	2	2	1200	35	635000	http://www.redfin.com/CA/San-Mateo/58-N-El-Camino-Real-94401/unit-321/home/2052688	37.566662	-122.328705	9	8	5	2	0	3.5	0	58 N El Camino Real Apt 321	San Mateo	CA	94401		8/26/14	http://110.mlsimages.movoto.com/042/424942_4.jpg
91	1	1	693	49	410000	http://www.redfin.com/CA/San-Mateo/816-N-Delaware-St-94401/unit-215/home/17308636	37.5796591	-122.3318624	9	8	8	2	0	2.5	3.5	816 N DELAWARE St unit 215	San Mateo	CA	94401	1114920	8/26/14	http://110.mlsimages.movoto.com/042/424942_4.jpg
93	2	1	1010	66	863000	http://www.redfin.com/CA/San-Mateo/926-Fleetwood-Dr-94402/home/1782563	37.561237	-122.307755	9	8	4	1	0	2.5	0	926 FLEETWOOD Dr	San Mateo	CA	94402	5850	7/15/14	http://110.mlsimages.movoto.com/042/424942_4.jpg
94	4	2.5	2650	20	1751000	http://www.redfin.com/CA/San-Mateo/65-Lakewood-Cir-94402/home/1632247	37.5172	-122.32988	9	8	8	1	1	4.5	0	65 LAKEWOOD Cir	San Mateo	CA	94402	12566	7/17/14	http://110.mlsimages.movoto.com/042/424942_4.jpg
95	2	1	1200	64	850000	http://www.redfin.com/CA/Belmont/2204-Thurm-Ave-94002/home/2044300	37.521957	-122.304359	10	8	8	1	0	2.5	0	2204 Thurm Ave	Belmont	CA	94002		7/31/14	http://110.mlsimages.movoto.com/042/424942_4.jpg
97	4	2	1920	68	852000	http://www.redfin.com/CA/San-Mateo/1305-S-Delaware-St-94402/home/1844070	37.559311	-122.311172	9	8	8	1	0	2	3.5	1305 S DELAWARE St	San Mateo	CA	94402	4500	8/23/14	http://110.mlsimages.movoto.com/042/424942_4.jpg
99	3	2.5	1840	48	1350000	http://www.redfin.com/CA/San-Mateo/527-Maple-St-94402/home/1219087	37.559235	-122.326706	9	8	8	1	0	4	3	527 MAPLE St	San Mateo	CA	94402	2880	8/1/14	http://110.mlsimages.movoto.com/042/424942_4.jpg
101	3	2	1280	60	1000000	http://www.redfin.com/CA/San-Mateo/1020-Fiesta-Dr-94403/home/1283644	37.549232	-122.298515	9	8	8	1	1	3.5	2.5	1020 FIESTA Dr	San Mateo	CA	94403	5000	9/16/14	http://110.mlsimages.movoto.com/042/424942_4.jpg
102	3	2	1470	73	1140000	http://www.redfin.com/CA/San-Mateo/506-Sylvan-Ave-94403/home/1908689	37.535229	-122.310768	9	8	8	1	1	3.5	4	506 SYLVAN Ave	San Mateo	CA	94403	6750	8/7/14	http://110.mlsimages.movoto.com/042/424942_4.jpg
103	3	2	1620	83	1328000	http://www.redfin.com/CA/San-Mateo/323-W-25th-Ave-94403/home/1468964	37.54261	-122.311852	9	8	8	1	1	4	4	323 W 25TH Ave	San Mateo	CA	94403	5000	8/4/14	http://110.mlsimages.movoto.com/042/424942_4.jpg
104	1	1	746	32	480000	http://www.redfin.com/CA/San-Mateo/615-Port-Dr-94404/unit-206/home/1074610	37.569077	-122.288361	9	8	8	2	1	3.5	3	615 PORT Dr unit 206	San Mateo	CA	94404	28484	8/13/14	http://110.mlsimages.movoto.com/042/424942_4.jpg
105	2	1	1120	109	886000	http://www.redfin.com/CA/San-Mateo/453-Wisnom-Ave-94401/home/1706963	37.571129	-122.336472	9	8	8	1	0	2.5	3	453 WISNOM Ave	San Mateo	CA	94401	4560	8/26/14	http://110.mlsimages.movoto.com/042/424942_4.jpg
106	3	2	1340	59	1111000	http://www.redfin.com/CA/Burlingame/121-Humboldt-Rd-94010/home/1476193	37.584782	-122.333275	8	8	8	1	0	3	3	121 Humboldt Rd	Burlingame	CA	94010		8/8/14	http://110.mlsimages.movoto.com/042/424942_4.jpg
107	2	2	1452	40	805000	http://www.redfin.com/CA/San-Mateo/31-10th-Ave-94401/unit-1B/home/1102826	37.558403	-122.318672	9	8	4	2	0	3	3	31 10TH Ave	San Mateo	CA	94401	26965	8/22/14	http://110.mlsimages.movoto.com/042/424942_4.jpg
108	3	2.5	2190	34	1238000	http://www.redfin.com/CA/San-Mateo/3404-Westwood-Ct-94403/home/2016816	37.523857	-122.32534	9	8	8	1	0	2.5	3	3404 WESTWOOD Ct	San Mateo	CA	94403	2856	9/3/14	http://110.mlsimages.movoto.com/042/424942_4.jpg
109	2	2	1450	22	700000	http://www.redfin.com/CA/San-Mateo/601-Laurel-Ave-94401/unit-607/home/2043533	37.562622	-122.320808	9	8	8	2	0	3	3	601 LAUREL Ave unit 607	San Mateo	CA	94401	31359	9/3/14	http://110.mlsimages.movoto.com/042/424942_4.jpg
110	1	1	865	52	511000	http://www.redfin.com/CA/San-Mateo/200-Elm-St-94401/unit-104/home/17308150	37.569363	-122.330742	9	8	8	2	0	3	3	200 ELM St unit 104	San Mateo	CA	94401	39501	8/22/14	http://110.mlsimages.movoto.com/042/424942_4.jpg
111	4	2	1540	58	950000	http://www.redfin.com/CA/San-Mateo/1745-Celeste-Dr-94402/home/721630	37.55574	-122.303787	9	8	8	1	0	3.5	3	1745 CELESTE Dr	San Mateo	CA	94402	5049	9/12/14	http://110.mlsimages.movoto.com/042/424942_4.jpg
112	4	3	2039	89	1301000	http://www.redfin.com/CA/San-Mateo/117-11th-Ave-94401/home/1210991	37.55825	-122.317116	9	8	8	1	0	3.5	3	117 11TH Ave	San Mateo	CA	94401	4400	8/19/14	http://110.mlsimages.movoto.com/042/424942_4.jpg
114	2	1	1000	72	988800	http://www.redfin.com/CA/San-Mateo/529-Hobart-Ave-94402/home/1369318	37.550362	-122.325417	9	8	8	1	0	2.5	3	529 HOBART Ave	San Mateo	CA	94402	5044	7/24/14	http://110.mlsimages.movoto.com/042/424942_4.jpg
115	1	1	693	49	423000	http://www.redfin.com/CA/San-Mateo/845-N-Humboldt-St-94401/unit-206/home/17308381	37.580692	-122.331261	9	8	8	2	0	3	3	845 N HUMBOLDT St unit 206	San Mateo	CA	94401	1114920	8/23/14	http://110.mlsimages.movoto.com/042/424942_4.jpg
116	4	2	1540	58	1160000	http://www.redfin.com/CA/San-Mateo/1660-Celeste-Dr-94402/home/721729	37.556759	-122.304932	9	8	8	1	0	3.5	3	1660 CELESTE Dr	San Mateo	CA	94402	5292	8/19/14	http://110.mlsimages.movoto.com/042/424942_4.jpg
117	3	2	1870	22	925000	http://www.redfin.com/CA/San-Mateo/687-Joanne-Dr-94402/home/721424	37.558666	-122.305679	9	8	8	1	0	2.5	3	687 JOANNE Dr	San Mateo	CA	94402	6400	8/29/14	http://110.mlsimages.movoto.com/042/424942_4.jpg
119	3	1.5	1440	61	945000	http://www.redfin.com/CA/San-Mateo/3-Meadow-Ct-94403/home/1791934	37.538113	-122.290916	9	8	8	1	0	3	3.5	3 MEADOW Ct	San Mateo	CA	94403	6500	8/30/14	http://110.mlsimages.movoto.com/042/424942_4.jpg
120	3	2.5	1410	73	980000	http://www.redfin.com/CA/San-Mateo/912-E-5th-Ave-94402/home/1693321	37.567726	-122.315247	9	8	8	1	0	3.5	3.5	912 E 5TH Ave	San Mateo	CA	94402	4680	8/29/14	http://110.mlsimages.movoto.com/042/424942_4.jpg
121	2	2.5	1121	28	677000	http://www.redfin.com/CA/San-Mateo/2115-Vista-Del-Mar-94404/unit-8/home/1811486	37.553295	-122.286865	9	8	8	2	0	2	3	2115 VISTA DEL MAR	San Mateo	CA	94404	79908	8/18/14	http://110.mlsimages.movoto.com/042/424942_4.jpg
123	3	3.5	1920	64	1190000	http://www.redfin.com/CA/San-Mateo/337-Sylvan-Ave-94403/home/1266823/mlsListings-81419040	37.535988	-122.307816	9	8	8	1	1	2	3.5	337 SYLVAN Ave	San Mateo	CA	94403	5940	7/31/14	http://110.mlsimages.movoto.com/042/424942_4.jpg
125	3	1	1110	61	760000	http://www.redfin.com/CA/San-Mateo/1502-Cobb-St-94401/home/1079253	37.562344	-122.30275	9	8	8	1	1	2.5	2.5	1502 COBB St	San Mateo	CA	94401	5000	8/21/14	http://110.mlsimages.movoto.com/042/424942_4.jpg
127	1	1	746	32	450000	http://www.redfin.com/CA/San-Mateo/651-Port-Dr-94404/unit-303/home/1114857	37.569077	-122.288361	9	8	4	2	0	3	3	651 PORT Dr unit 303	San Mateo	CA	94404	28484	8/15/14	http://110.mlsimages.movoto.com/042/424942_4.jpg
128	2	1	1100	67	870000	http://www.redfin.com/CA/San-Mateo/10-Colegrove-Ct-94403/home/756874	37.532837	-122.296394	9	8	8	1	1	3	3.5	10 COLEGROVE Ct	San Mateo	CA	94403	4600	8/27/14	http://110.mlsimages.movoto.com/042/424942_4.jpg
130	3	2	1240	58	890000	http://www.redfin.com/CA/San-Mateo/1341-Claudia-Ave-94403/home/1966881	37.548664	-122.289688	9	8	8	1	0	3	2.5	1341 CLAUDIA Ave	San Mateo	CA	94403	5600	8/19/14	http://110.mlsimages.movoto.com/042/424942_4.jpg
131	2	2	894	32	485000	http://www.redfin.com/CA/San-Mateo/845-Woodside-Way-94401/unit-104/home/1663487	37.57737	-122.336769	9	8	5	2	0	2.5	3	845 Woodside Way Apt 104	San Mateo	CA	94401		7/25/14	http://110.mlsimages.movoto.com/042/424942_4.jpg
132	2	1	830	65	776000	http://www.redfin.com/CA/San-Mateo/1202-S-Claremont-St-94402/home/1024487	37.559151	-122.312988	9	8	8	1	0	4.5	3.5	1202 S Claremont St	San Mateo	CA	94402		7/31/14	http://110.mlsimages.movoto.com/042/424942_4.jpg
133	1	1	687	32	420000	http://www.redfin.com/CA/San-Mateo/851-Woodside-Way-94401/unit-127/home/1500475	37.57737	-122.336769	9	8	8	2	0	3	3	851 Woodside Way Apt 127	San Mateo	CA	94401		7/15/14	http://110.mlsimages.movoto.com/042/424942_4.jpg
135	3	2.5	1580	47	1207500	http://www.redfin.com/CA/San-Mateo/535-Starboard-Dr-94404/home/724943	37.568546	-122.290092	9	8	8	1	0	4	3	535 Starboard Dr	San Mateo	CA	94404		7/14/14	http://110.mlsimages.movoto.com/042/424942_4.jpg
136	2	2	1430	64	1120000	http://www.redfin.com/CA/San-Mateo/3933-Edison-St-94403/home/1248361	37.530087	-122.296982	9	8	8	1	0	4	4	3933 Edison St	San Mateo	CA	94403		7/16/14	http://110.mlsimages.movoto.com/042/424942_4.jpg
137	5	3.5	2700	16	1385000	http://www.redfin.com/CA/San-Mateo/219-E-Bellevue-AVE-94401/home/56254529	37.5727069	-122.3355774	9	8	8	1	0	3.5	4	219 E BELLEVUE Ave	San Mateo	CA	94401	3750	7/18/14	http://110.mlsimages.movoto.com/042/424942_4.jpg
138	3	1	1230	63	1157000	http://www.redfin.com/CA/San-Mateo/3215-Monterey-St-94403/home/2058962	37.530422	-122.315094	9	8	8	1	0	3	4	3215 Monterey St	San Mateo	CA	94403		7/14/14	http://110.mlsimages.movoto.com/042/424942_4.jpg
139	3	1	1210	63	780000	http://www.redfin.com/CA/San-Mateo/1701-Dale-Ave-94401/home/1358688	37.568405	-122.302155	9	8	8	1	0	3	3.5	1701 Dale Ave	San Mateo	CA	94401		8/5/14	http://110.mlsimages.movoto.com/042/424942_4.jpg
140	3	3	1670	36	886000	http://www.redfin.com/CA/San-Mateo/2357-Ticonderoga-Dr-94402/home/753194	37.515877	-122.334908	9	8	8	2	0	3.5	3	2357 Ticonderoga Dr	San Mateo	CA	94402		7/17/14	http://110.mlsimages.movoto.com/042/424942_4.jpg
144	4	3.5	2449	0	1950000	http://www.redfin.com/CA/San-Mateo/44-Live-Oak-Dr-94403/home/56428274	37.541046	-122.328648	9	8	8	1	0	5	4	44 LIVE OAK Dr	San Mateo	CA	94403	8808	7/23/14	http://110.mlsimages.movoto.com/042/424942_4.jpg
145	3	1	1070	61	885000	http://www.redfin.com/CA/San-Mateo/4212-Alameda-De-Las-Pulgas-94403/home/1752303	37.524143	-122.303001	9	8	8	1	0	3	3	4212 Alameda De Las Pulgas	San Mateo	CA	94403		8/22/14	http://110.mlsimages.movoto.com/042/424942_4.jpg
146	3	1	1970	98	1030000	http://www.redfin.com/CA/San-Mateo/718-S-Grant-St-94402/home/2016639	37.565716	-122.31427	9	8	8	1	0	3	3	718 S Grant St	San Mateo	CA	94402		8/20/14	http://110.mlsimages.movoto.com/042/424942_4.jpg
147	3	3.5	1870	47	1227000	http://www.redfin.com/CA/San-Mateo/563-Starboard-Dr-94404/home/1891328	37.568886	-122.290527	9	8	8	1	0	2.5	3	563 Starboard Dr	San Mateo	CA	94404		8/22/14	http://110.mlsimages.movoto.com/042/424942_4.jpg
149	3	2	1420	73	1025000	http://www.redfin.com/CA/San-Mateo/510-26th-Ave-94403/home/1891393	37.541031	-122.315514	9	8	8	1	0	3	3.5	510 26th Ave	San Mateo	CA	94403		7/29/14	http://110.mlsimages.movoto.com/042/424942_4.jpg
150	3	2	1510	66	1189000	http://www.redfin.com/CA/San-Mateo/3201-Hacienda-St-94403/home/1305266	37.534286	-122.304626	9	8	8	1	0	3	3.5	3201 Hacienda St	San Mateo	CA	94403		7/22/14	http://110.mlsimages.movoto.com/042/424942_4.jpg
151	4	3	2460	67	1300000	http://www.redfin.com/CA/San-Mateo/2617-Ensenada-Way-94403/home/1966986	37.540215	-122.314987	9	8	8	1	0	4	0	2617 ENSENADA Way	San Mateo	CA	94403	5000	7/11/14	http://110.mlsimages.movoto.com/042/424942_4.jpg
152	3	2	1620	74	1350000	http://www.redfin.com/CA/San-Mateo/409-30th-Ave-94403/home/1024876	37.536167	-122.309418	9	8	8	1	0	4	3.5	409 30TH Ave	San Mateo	CA	94403	5500	8/20/14	http://110.mlsimages.movoto.com/042/424942_4.jpg
153	2	2	950	51	500000	http://www.redfin.com/CA/San-Mateo/3015-Los-Prados-St-94403/home/1419706	37.545265	-122.282982	9	8	5	2	1	3.5	3.5	3015 LOS PRADOS St	San Mateo	CA	94403	58815	8/29/14	http://110.mlsimages.movoto.com/042/424942_4.jpg
154	0	1	390	31	227000	http://www.redfin.com/CA/San-Mateo/324-Catalpa-St-94401/unit-306/home/1899871	37.569878	-122.326714	9	8	5	2	0	2.5	0	324 CATALPA St unit 306	San Mateo	CA	94401	27645	7/22/14	http://110.mlsimages.movoto.com/042/424942_4.jpg
155	2	2	1165	35	755000	http://www.redfin.com/CA/San-Mateo/1021-Shoreline-Dr-94404/unit-28-3-11/home/1419755	37.557747	-122.290512	9	8	8	2	0	3	4	1021 SHORELINE Dr	San Mateo	CA	94404	1335	7/16/14	http://110.mlsimages.movoto.com/042/424942_4.jpg
156	3	2	1650	53	1230000	http://www.redfin.com/CA/San-Mateo/1456-Bel-Aire-Rd-94402/home/2026887	37.530731	-122.343109	9	8	8	1	0	2.5	2.5	1456 BEL AIRE Rd	San Mateo	CA	94402	10875	8/28/14	http://110.mlsimages.movoto.com/042/424942_4.jpg
158	2	1	827	26	628000	http://www.redfin.com/CA/San-Mateo/154-Blossom-Cir-94403/unit-4/home/1555425	37.530354	-122.286545	9	8	8	2	1	4	4	154 BLOSSOM Cir	San Mateo	CA	94403	126729	7/23/14	http://110.mlsimages.movoto.com/042/424942_4.jpg
159	2	1	1040	92	870000	http://www.redfin.com/CA/San-Mateo/437-Wisnom-Ave-94401/home/2049322	37.570812	-122.336082	9	8	8	1	0	3.5	0	437 WISNOM Ave	San Mateo	CA	94401	3840	8/2/14	http://110.mlsimages.movoto.com/042/424942_4.jpg
162	1	1.5	1150	35	730000	http://www.redfin.com/CA/San-Mateo/109-Harbor-Seal-Ct-94404/home/1997049	37.556931	-122.289413	9	8	8	2	1	4	4	109 HARBOR SEAL Ct	San Mateo	CA	94404	109700	7/30/14	http://110.mlsimages.movoto.com/042/424942_4.jpg
163	3	2	1740	53	1300000	http://www.redfin.com/CA/San-Mateo/1892-Timberlane-Rd-94402/home/2005327	37.524109	-122.336945	9	8	8	1	0	2.5	0	1892 TIMBERLANE Rd	San Mateo	CA	94402	9875	7/23/14	http://110.mlsimages.movoto.com/042/424942_4.jpg
167	4	2	1660	62	1230000	http://www.redfin.com/CA/San-Mateo/409-42nd-Ave-94403/home/1369889	37.525181	-122.302353	9	8	8	1	0	3	0	409 42nd Ave	San Mateo	CA	94403		8/21/14	http://110.mlsimages.movoto.com/042/424942_4.jpg
168	2	1	1270	74	1168000	http://www.redfin.com/CA/San-Mateo/147-Arbor-Ln-94403/home/1676423	37.5359	-122.304192	9	8	8	1	0	3	3	147 Arbor Ln	San Mateo	CA	94403		8/25/14	http://110.mlsimages.movoto.com/042/424942_4.jpg
170	4	3	2775	92	1700000	http://www.redfin.com/CA/San-Mateo/752-Occidental-Ave-94402/home/1024068	37.570614	-122.348946	9	8	8	1	0	3	3.5	752 OCCIDENTAL Ave	San Mateo	CA	94402	10241	8/15/14	http://110.mlsimages.movoto.com/042/424942_4.jpg
171	3	2	1310	79	907000	http://www.redfin.com/CA/San-Mateo/2304-Flores-St-94403/home/1951815	37.545029	-122.308212	9	8	8	1	0	2.5	0	2304 FLORES St	San Mateo	CA	94403	5480	7/28/14	http://110.mlsimages.movoto.com/042/424942_4.jpg
172	3	2	1400	58	913000	http://www.redfin.com/CA/San-Mateo/678-Connie-Ave-94402/home/723420	37.555256	-122.303635	9	8	4	1	0	3.5	3	678 CONNIE Ave	San Mateo	CA	94402	5500	7/29/14	http://110.mlsimages.movoto.com/042/424942_4.jpg
173	2	2	1350	15	750000	http://www.redfin.com/CA/Foster-City/860-Meridian-Bay-Ln-94404/unit-142/home/1064396	37.554264	-122.2789	9	8	8	2	0	3.5	3.5	860 MERIDIAN BAY Ln unit 142	Foster City	CA	94404	206123	8/5/14	http://110.mlsimages.movoto.com/042/424942_4.jpg
174	3	1	1120	65	966000	http://www.redfin.com/CA/San-Mateo/3530-Casanova-Dr-94403/home/1642471	37.539906	-122.287132	9	8	8	1	0	3.5	3.5	3530 Casanova Dr	San Mateo	CA	94403		8/19/14	http://110.mlsimages.movoto.com/042/424942_4.jpg
175	3	3	2240	27	1448000	http://www.redfin.com/CA/San-Mateo/105-Vailwood-Pl-94403/home/1590722	37.532139	-122.280205	10	8	8	1	0	3	3.5	105 Vailwood Pl	San Mateo	CA	94403		8/26/14	http://110.mlsimages.movoto.com/042/424942_4.jpg
176	3	2	1010	59	748888	http://www.redfin.com/CA/San-Mateo/1568-Lodi-Ave-94401/home/1504603	37.562729	-122.298119	9	8	8	1	0	2.5	0	1568 LODI Ave	San Mateo	CA	94401	5500	7/30/14	http://110.mlsimages.movoto.com/042/424942_4.jpg
177	1	1	950	36	485000	http://www.redfin.com/CA/San-Mateo/465-Fathom-Dr-94404/unit-321/home/972622	37.568241	-122.285378	9	8	8	2	0	3	0	465 FATHOM Dr unit 321	San Mateo	CA	94404	25067	8/8/14	http://110.mlsimages.movoto.com/042/424942_4.jpg
178	3	2.5	2260	73	1976000	http://www.redfin.com/CA/San-Mateo/424-Bucknell-Dr-94402/home/1919080	37.552555	-122.334442	9	8	8	1	0	4	3.5	424 Bucknell Dr	San Mateo	CA	94402		8/25/14	http://110.mlsimages.movoto.com/042/424942_4.jpg
179	3	1.5	1360	68	1120000	http://www.redfin.com/CA/San-Mateo/631-Harrow-Ave-94402/home/1935368	37.560276	-122.310944	9	8	8	1	0	4	3.5	631 Harrow Ave	San Mateo	CA	94402		8/25/14	http://110.mlsimages.movoto.com/042/424942_4.jpg
180	2	3	1620	72	742000	http://www.redfin.com/CA/San-Mateo/821-N-Delaware-St-94401/home/1683834	37.579159	-122.333641	9	8	5	1	0	3	3.5	821 N DELAWARE St	San Mateo	CA	94401	6250	7/30/14	http://110.mlsimages.movoto.com/042/424942_4.jpg
181	3	2	2300	52	1340000	http://www.redfin.com/CA/Belmont/2316-Wooster-Ave-94002/home/1863617	37.520515	-122.30526	5	8	4	1	0	3	4	2316 WOOSTER Ave	Belmont	CA	94002	8640	8/1/14	http://110.mlsimages.movoto.com/042/424942_4.jpg
182	4	3	2683	28	1402000	http://www.redfin.com/CA/San-Mateo/1180-Tanglewood-Way-94403/home/745581	37.529701	-122.278229	10	8	8	1	1	3.5	4	1180 TANGLEWOOD Way	San Mateo	CA	94403	6000	8/5/14	http://110.mlsimages.movoto.com/042/424942_4.jpg
183	3	1	1040	65	799000	http://www.redfin.com/CA/San-Mateo/1201-S-Claremont-St-94402/home/718035	37.559425	-122.312637	9	8	8	1	0	3	0	1201 S CLAREMONT St	San Mateo	CA	94402	4250	8/12/14	http://110.mlsimages.movoto.com/042/424942_4.jpg
184	5	3	2089	65	1635000	http://www.redfin.com/CA/San-Mateo/401-Heather-Ln-94403/home/1632028	37.53384	-122.307304	9	8	8	1	0	3.5	4	401 HEATHER Ln	San Mateo	CA	94403	11000	9/6/14	http://110.mlsimages.movoto.com/042/424942_4.jpg
185	2	2	1250	71	770000	http://www.redfin.com/CA/San-Mateo/131-Lindbergh-St-94401/home/2026658	37.573635	-122.313988	9	8	8	1	1	4	0	131 LINDBERGH St	San Mateo	CA	94401	5640	8/12/14	http://110.mlsimages.movoto.com/042/424942_4.jpg
186	3	2	1400	66	1072000	http://www.redfin.com/CA/San-Mateo/414-Poinsettia-Ave-94403/home/1461000	37.541462	-122.288513	9	8	8	1	0	3	3.5	414 POINSETTIA Ave	San Mateo	CA	94403	6400	8/12/14	http://110.mlsimages.movoto.com/042/424942_4.jpg
187	2	2.5	1200	35	765000	http://www.redfin.com/CA/San-Mateo/2315-Armada-Way-94404/unit-14-4/home/976848	37.561871	-122.288002	9	8	8	2	1	3.5	3.5	2315 ARMADA Way	San Mateo	CA	94404	1200	8/7/14	http://110.mlsimages.movoto.com/042/424942_4.jpg
188	4	4	2960	23	2080000	http://www.redfin.com/CA/San-Mateo/23-Ridgecrest-Ter-94402/home/747529	37.52351	-122.333885	9	8	4	1	0	4	4	23 RIDGECREST Ter	San Mateo	CA	94402	7840	8/30/14	http://110.mlsimages.movoto.com/042/424942_4.jpg
189	4	3.5	2740	40	1825000	http://www.redfin.com/CA/San-Mateo/839-Overlook-Ct-94403/home/1716463	37.529091	-122.316811	9	8	8	1	0	4	3.5	839 OVERLOOK Ct	San Mateo	CA	94403	12200	8/24/14	http://110.mlsimages.movoto.com/042/424942_4.jpg
190	4	2.5	2510	38	1400000	http://www.redfin.com/CA/San-Mateo/1461-Cherrywood-Dr-94403/home/1885952	37.524059	-122.326134	9	8	5	1	0	4	3.5	1461 CHERRYWOOD Dr	San Mateo	CA	94403	6820	8/28/14	http://110.mlsimages.movoto.com/042/424942_4.jpg
191	3	2	1310	60	1070000	http://www.redfin.com/CA/San-Mateo/180-Spuraway-Dr-94403/home/1998886	37.548054	-122.317001	9	8	8	1	0	3.5	3.5	180 SPURAWAY Dr	San Mateo	CA	94403	5096	9/7/14	http://110.mlsimages.movoto.com/042/424942_4.jpg
193	3	2	1660	56	1707000	http://www.redfin.com/CA/San-Mateo/2276-Sheraton-Pl-94402/home/1305392	37.518917	-122.342529	9	8	8	1	1	4	4	2276 SHERATON Pl	San Mateo	CA	94402	9300	8/15/14	http://110.mlsimages.movoto.com/042/424942_4.jpg
195	5	3	2060	50	1400000	http://www.redfin.com/CA/Belmont/4213-Skymont-Dr-94002/home/1766096	37.518505	-122.324699	10	8	8	1	0	4	4.5	4213 SKYMONT Dr	Belmont	CA	94002	7975	8/16/14	http://110.mlsimages.movoto.com/042/424942_4.jpg
196	1	1	650	52	388000	http://www.redfin.com/CA/San-Mateo/2655-Edison-St-94403/unit-301/home/1987689	37.542583	-122.304581	9	8	8	2	0	2.5	0	2655 Edison St Apt 301	San Mateo	CA	94403		7/11/14	http://110.mlsimages.movoto.com/042/424942_4.jpg
197	3	1	1130	61	790000	http://www.redfin.com/CA/San-Mateo/19-Poinsettia-Ave-94403/home/739747	37.537579	-122.295586	9	8	8	1	0	2.5	0	19 Poinsettia Ave	San Mateo	CA	94403		7/22/14	http://110.mlsimages.movoto.com/042/424942_4.jpg
199	3	2	1905	67	1575000	http://www.redfin.com/CA/San-Mateo/553-Alhambra-Rd-94402/home/1395826	37.558243	-122.326729	9	8	8	1	1	4	3.5	553 ALHAMBRA Rd	San Mateo	CA	94402	5671	8/24/14	http://110.mlsimages.movoto.com/042/424942_4.jpg
200	3	2	1220	60	920000	http://www.redfin.com/CA/San-Mateo/1733-Hamlet-St-94403/home/1522305	37.558582	-122.29731	9	8	8	1	1	4	0	1733 HAMLET St	San Mateo	CA	94403	5150	8/14/14	http://110.mlsimages.movoto.com/042/424942_4.jpg
201	3	2.5	2100	35	1185000	http://www.redfin.com/CA/San-Mateo/1149-Shoreline-Dr-94404/unit-18-1-1/home/1224550	37.555988	-122.289902	9	8	4	2	0	4	3.5	1149 Shoreline Dr Unit 18-1-1	San Mateo	CA	94404		7/18/14	http://110.mlsimages.movoto.com/042/424942_4.jpg
202	2	2	2400	34	1680000	http://www.redfin.com/CA/San-Mateo/40-W-3rd-Ave-94402/unit-704/home/2033083	37.562527	-122.327156	9	8	8	2	0	4	4	40 W 3rd Ave Apt 704	San Mateo	CA	94402		7/11/14	http://110.mlsimages.movoto.com/042/424942_4.jpg
203	4	3	2620	65	1778000	http://www.redfin.com/CA/San-Mateo/725-28th-Ave-94403/home/1069342	37.535587	-122.317039	9	8	8	1	0	4	4	725 28TH Ave	San Mateo	CA	94403	11790	9/13/14	http://110.mlsimages.movoto.com/042/424942_4.jpg
204	2	2	1024	40	620000	http://www.redfin.com/CA/San-Mateo/1919-Alameda-De-Las-Pulgas-94403/unit-29/home/1917751	37.54665	-122.320091	9	8	8	2	1	3.5	0	1919 ALAMEDA DE LAS PULGAS unit 29	San Mateo	CA	94403	107051	9/14/14	http://110.mlsimages.movoto.com/042/424942_4.jpg
205	2	2	894	32	565000	http://www.redfin.com/CA/San-Mateo/853-Woodside-Way-94401/unit-140/home/1527045	37.57737	-122.336769	9	8	8	2	0	4	0	853 Woodside Way Apt 140	San Mateo	CA	94401		7/29/14	http://110.mlsimages.movoto.com/042/424942_4.jpg
206	3	2.5	1700	58	1232000	http://www.redfin.com/CA/San-Mateo/257-42nd-Ave-94403/home/1891666	37.526691	-122.298912	9	8	8	1	1	4	4	257 42ND Ave	San Mateo	CA	94403	11660	9/3/14	http://110.mlsimages.movoto.com/042/424942_4.jpg
208	2	1	900	63	806000	http://www.redfin.com/CA/San-Mateo/81-Otay-Ave-94403/home/1266909	37.538139	-122.293053	9	8	8	1	0	3.5	0	81 OTAY Ave	San Mateo	CA	94403	5000	9/16/14	http://110.mlsimages.movoto.com/042/424942_4.jpg
209	2	2	1238	6	765000	http://www.redfin.com/CA/San-Mateo/10-Crystal-Springs-Rd-94402/unit-2214/home/17307364	37.564466	-122.328103	9	8	5	2	0	4	3.5	10 CRYSTAL SPRINGS Rd unit 2214	San Mateo	CA	94402	46847	9/9/14	http://110.mlsimages.movoto.com/042/424942_4.jpg
210	3	1.5	1130	69	1101000	http://www.redfin.com/CA/San-Mateo/516-30th-Ave-94403/home/1676354	37.535789	-122.3116	9	8	8	1	0	2.5	0	516 30TH Ave	San Mateo	CA	94403	6000	9/13/14	http://110.mlsimages.movoto.com/042/424942_4.jpg
212	2	1	903	49	601000	http://www.redfin.com/CA/San-Mateo/815-N-Humboldt-St-94401/unit-318/home/17308690	37.580692	-122.331261	9	8	8	2	1	3	0	815 N HUMBOLDT St unit 318	San Mateo	CA	94401	1114920	9/5/14	http://110.mlsimages.movoto.com/042/424942_4.jpg
213	3	2	1370	88	1110000	http://www.redfin.com/CA/Burlingame/10-Bayswater-Ave-94010/home/691008	37.584221	-122.332886	8	8	8	1	0	4	0	10 BAYSWATER Ave	Burlingame	CA	94010	4896	8/26/14	http://110.mlsimages.movoto.com/042/424942_4.jpg
214	3	2	1931	54	1155000	http://www.redfin.com/CA/San-Mateo/3143-Los-Prados-St-94403/home/1582481	37.544724	-122.279839	9	8	8	1	0	4	4	3143 LOS PRADOS St	San Mateo	CA	94403	7938	8/29/14	http://110.mlsimages.movoto.com/042/424942_4.jpg
215	2	2	1040	49	627500	http://www.redfin.com/CA/San-Mateo/4275-George-Ave-94403/unit-4/home/981164	37.532055	-122.286102	10	8	8	2	0	3	0	4275 GEORGE Ave unit 4	San Mateo	CA	94403	78395	8/22/14	http://110.mlsimages.movoto.com/042/424942_4.jpg
216	3	3	2190	85	2080000	http://www.redfin.com/CA/San-Mateo/413-Las-Sombras-Ct-94402/home/2024301	37.561939	-122.352814	9	8	8	1	0	4	4.5	413 Las Sombras Ct	San Mateo	CA	94402		8/6/14	http://110.mlsimages.movoto.com/042/424942_4.jpg
217	1	1	667	27	365000	http://www.redfin.com/CA/San-Mateo/320-Peninsula-Ave-94401/unit-412/home/979501	37.577671	-122.337845	9	8	8	2	0	3	0	320 Peninsula Ave Apt 412	San Mateo	CA	94401		7/24/14	http://110.mlsimages.movoto.com/042/424942_4.jpg
218	1	1	772	49	468000	http://www.redfin.com/CA/San-Mateo/930-Peninsula-Ave-94401/unit-308/home/17308962	37.580692	-122.331261	9	8	8	2	1	3	0	930 PENINSULA Ave unit 308	San Mateo	CA	94401	1114920	9/17/14	http://110.mlsimages.movoto.com/042/424942_4.jpg
219	6	4.5	4344	73	2601001	http://www.redfin.com/CA/San-Mateo/44-W-Bellevue-Ave-94402/home/698755	37.570389	-122.339195	9	8	8	1	1	4	4.5	44 W BELLEVUE Ave	San Mateo	CA	94402	20412	8/7/14	http://110.mlsimages.movoto.com/042/424942_4.jpg
221	2	2	1100	26	644000	http://www.redfin.com/CA/San-Mateo/1-Baldwin-Ave-94401/unit-204/home/1041328	37.566093	-122.327995	9	8	8	2	0	4	0	1 BALDWIN Ave unit 204	San Mateo	CA	94401	86325	8/18/14	http://110.mlsimages.movoto.com/042/424942_4.jpg
222	3	2	1210	60	990000	http://www.redfin.com/CA/San-Mateo/926-Bermuda-Dr-94403/home/2050360	37.551044	-122.299828	9	8	8	1	1	4	0	926 BERMUDA Dr	San Mateo	CA	94403	5200	8/10/14	http://110.mlsimages.movoto.com/042/424942_4.jpg
224	2	2.5	1380	36	857000	http://www.redfin.com/CA/Burlingame/33-Park-Rd-94010/unit-5/home/1023973	37.575382	-122.344231	8	8	8	2	0	3.5	0	33 PARK Rd unit 5	Burlingame	CA	94010	652	8/14/14	http://110.mlsimages.movoto.com/042/424942_4.jpg
225	2	1	825	49	503000	http://www.redfin.com/CA/San-Mateo/801-N-Humboldt-St-94401/unit-103/home/17308719	37.580692	-122.331261	9	8	8	2	0	3	0	801 N HUMBOLDT St unit 103	San Mateo	CA	94401	1114920	9/8/14	http://110.mlsimages.movoto.com/042/424942_4.jpg
226	2	2	956	51	428000	http://www.redfin.com/CA/San-Mateo/3055-Los-Prados-St-94403/unit-235/home/2050855	37.545338	-122.282127	9	8	8	2	0	2.5	0	3055 Los Prados St Apt 235	San Mateo	CA	94403		7/15/14	http://110.mlsimages.movoto.com/042/424942_4.jpg
227	2	1	900	63	755000	http://www.redfin.com/CA/San-Mateo/53-Otay-Ave-94403/home/739773	37.537529	-122.293999	9	8	8	1	0	3	0	53 OTAY Ave	San Mateo	CA	94403	5324	7/20/14	http://110.mlsimages.movoto.com/042/424942_4.jpg
228	0	1	473	49	319000	http://www.redfin.com/CA/San-Mateo/833-N-Humboldt-St-94401/unit-319/home/17308527	37.580692	-122.331261	9	8	8	2	0	2.5	3	833 N Humboldt St Apt 319	San Mateo	CA	94401		7/21/14	http://110.mlsimages.movoto.com/042/424942_4.jpg
229	3	2	1730	76	1000000	http://www.redfin.com/CA/San-Mateo/446-27th-Ave-94403/home/1983386	37.538994	-122.312607	9	8	8	1	0	2.5	0	446 27TH Ave	San Mateo	CA	94403	5520	7/21/14	http://110.mlsimages.movoto.com/042/424942_4.jpg
231	3	2.5	1750	75	1325000	http://www.redfin.com/CA/San-Mateo/1021-Alameda-De-Las-Pulgas-94402/home/713843	37.550861	-122.326729	9	8	8	1	0	4	3.5	1021 ALAMEDA DE LAS PULGAS	San Mateo	CA	94402	6050	8/14/14	http://110.mlsimages.movoto.com/042/424942_4.jpg
232	2	1	1110	66	1150000	http://www.redfin.com/CA/Belmont/1722-Hillman-Ave-94002/home/1716971	37.526039	-122.293053	10	8	8	1	0	3	0	1722 Hillman Ave	Belmont	CA	94002		7/24/14	http://110.mlsimages.movoto.com/042/424942_4.jpg
233	4	2	1800	63	978000	http://www.redfin.com/CA/San-Mateo/1556-Cottage-Grove-Ave-94401/home/1966834	37.568859	-122.30471	9	8	8	1	0	3	3.5	1556 Cottage Grove Ave	San Mateo	CA	94401		7/22/14	http://110.mlsimages.movoto.com/042/424942_4.jpg
234	4	4.5	3400	61	2471000	http://www.redfin.com/CA/San-Mateo/436-Cornell-Ave-94402/home/1532807	37.556995	-122.334381	9	8	8	1	0	4	4.5	436 CORNELL Ave	San Mateo	CA	94402	8900	7/16/14	http://110.mlsimages.movoto.com/042/424942_4.jpg
235	4	3.5	2910	77	2225000	http://www.redfin.com/CA/San-Mateo/531-Warren-Rd-94402/home/692559	37.567207	-122.349342	9	8	8	1	0	3	4	531 Warren Rd	San Mateo	CA	94402		8/1/14	http://110.mlsimages.movoto.com/042/424942_4.jpg
236	3	1	1200	61	735000	http://www.redfin.com/CA/San-Mateo/1432-Norton-St-94401/home/719804	37.561974	-122.303551	9	8	8	1	1	3	3.5	1432 NORTON St	San Mateo	CA	94401	6350	7/27/14	http://110.mlsimages.movoto.com/042/424942_4.jpg
237	1	1	693	49	456000	http://www.redfin.com/CA/San-Mateo/930-Peninsula-Ave-94401/unit-204/home/17308311	37.580692	-122.331261	9	8	8	2	0	3.5	0	930 Peninsula Ave Apt 204	San Mateo	CA	94401		7/25/14	http://110.mlsimages.movoto.com/042/424942_4.jpg
238	4	2.5	2270	43	1260000	http://www.redfin.com/CA/Belmont/2008-Forest-Ave-94002/home/1734626	37.52354	-122.301247	5	8	4	1	0	3	4	2008 Forest Ave	Belmont	CA	94002		8/12/14	http://110.mlsimages.movoto.com/042/424942_4.jpg
239	2	2	1204	49	660000	http://www.redfin.com/CA/San-Mateo/817-N-Humboldt-St-94401/unit-309/home/17308060	37.580692	-122.331261	9	8	8	2	0	3	0	817 N Humboldt St Apt 309	San Mateo	CA	94401		7/29/14	http://110.mlsimages.movoto.com/042/424942_4.jpg
240	2	2	1290	73	960000	http://www.redfin.com/CA/San-Mateo/126-Burbank-Ave-94403/home/755555	37.529827	-122.294891	9	8	8	1	0	3.5	4	126 Burbank Ave	San Mateo	CA	94403		8/6/14	http://110.mlsimages.movoto.com/042/424942_4.jpg
241	3	1	1640	88	988000	http://www.redfin.com/CA/San-Mateo/29-16th-Ave-94402/home/1339956	37.554146	-122.314568	9	8	8	1	0	0.5	0	29 16th Ave	San Mateo	CA	94402		8/15/14	http://110.mlsimages.movoto.com/042/424942_4.jpg
242	3	2	2180	66	1701500	http://www.redfin.com/CA/Burlingame/29-Dwight-Rd-94010/home/1369017	37.581093	-122.335815	8	8	8	1	0	3.5	0	29 Dwight Rd	Burlingame	CA	94010		8/15/14	http://110.mlsimages.movoto.com/042/424942_4.jpg
243	3	1	1140	67	665000	http://www.redfin.com/CA/San-Mateo/131-Prague-St-94401/home/1880707	37.57909	-122.315186	9	8	8	1	0	2.5	0	131 PRAGUE St	San Mateo	CA	94401	4750	8/5/14	http://110.mlsimages.movoto.com/042/424942_4.jpg
244	3	2	1500	65	745000	http://www.redfin.com/CA/San-Mateo/800-Fallon-Ave-94401/home/1522023	37.570999	-122.305862	9	8	8	1	0	3	3.5	800 Fallon Ave	San Mateo	CA	94401		8/11/14	http://110.mlsimages.movoto.com/042/424942_4.jpg
245	4	2	1930	60	1525000	http://www.redfin.com/CA/San-Mateo/3423-Del-Monte-St-94403/home/742196	37.528919	-122.313583	9	8	8	1	0	4.5	0	3423 Del Monte St	San Mateo	CA	94403		7/29/14	http://110.mlsimages.movoto.com/042/424942_4.jpg
246	3	2	1800	61	1257000	http://www.redfin.com/CA/San-Mateo/1335-Bel-Aire-Rd-94402/home/1047566	37.533684	-122.344574	9	8	8	1	0	4	0	1335 Bel Aire Rd	San Mateo	CA	94402		8/18/14	http://110.mlsimages.movoto.com/042/424942_4.jpg
247	2	2	1190	70	800000	http://www.redfin.com/CA/San-Mateo/3803-Colegrove-St-94403/home/1171939	37.532848	-122.295517	9	8	5	1	0	4	3.5	3803 COLEGROVE St	San Mateo	CA	94403	5300	7/14/14	http://110.mlsimages.movoto.com/042/424942_4.jpg
249	1	1	693	49	450000	http://www.redfin.com/CA/San-Mateo/814-N-Delaware-St-94401/unit-209/home/12529343	37.563377	-122.316383	9	8	4	2	0	3	0	814 N DELAWARE St unit 209	San Mateo	CA	94401	1114920	9/10/14	http://110.mlsimages.movoto.com/042/424942_4.jpg
251	3	2	1400	108	540000	http://www.redfin.com/CA/San-Mateo/29-N-Delaware-St-94401/home/1987443	37.570286	-122.323929	9	8	8	1	0	1	0	29 N DELAWARE St	San Mateo	CA	94401	4107	8/5/14	http://110.mlsimages.movoto.com/042/424942_4.jpg
254	1	1	1128	36	369000	http://www.redfin.com/CA/San-Mateo/50-N-San-Mateo-Dr-94401/unit-222/home/1473380	37.568195	-122.327148	9	8	5	2	0	3	0	50 N San Mateo Dr Apt 222	San Mateo	CA	94401		8/11/14	http://110.mlsimages.movoto.com/042/424942_4.jpg
255	0	1	504	49	340000	http://www.redfin.com/CA/San-Mateo/814-N-Delaware-St-94401/unit-302/home/17308728	37.563377	-122.316383	9	8	8	2	0	3	0	814 N Delaware St Apt 302	San Mateo	CA	94401		8/5/14	http://110.mlsimages.movoto.com/042/424942_4.jpg
257	2	1	1040	61	875000	http://www.redfin.com/CA/San-Mateo/321-36th-Ave-94403/home/1991459	37.531067	-122.304382	9	8	8	1	0	2.5	4	321 36th Ave	San Mateo	CA	94403		8/7/14	http://110.mlsimages.movoto.com/042/424942_4.jpg
258	3	2	1540	54	949000	http://www.redfin.com/CA/San-Mateo/3298-Los-Prados-St-94403/home/1987713	37.541382	-122.279167	9	8	8	1	0	3.5	3.5	3298 Los Prados St	San Mateo	CA	94403		8/12/14	http://110.mlsimages.movoto.com/042/424942_4.jpg
259	3	2	1460	60	1170000	http://www.redfin.com/CA/Belmont/1906-Bayview-Ave-94002/home/1979225	37.525021	-122.297661	10	8	8	1	0	3.5	3.5	1906 BAYVIEW Ave	Belmont	CA	94002	4000	8/7/14	http://110.mlsimages.movoto.com/042/424942_4.jpg
260	3	2.5	1750	33	903000	http://www.redfin.com/CA/San-Mateo/119-E-Santa-Inez-Ave-94401/unit-1/home/1628123	37.570766	-122.331696	9	8	8	2	0	3	0	119 E SANTA INEZ Ave	San Mateo	CA	94401	8012	7/29/14	http://110.mlsimages.movoto.com/042/424942_4.jpg
261	2	1	740	30	380000	http://www.redfin.com/CA/San-Mateo/711-S-Bayshore-Blvd-94401/unit-8/home/1447432	37.568439	-122.310371	9	8	8	2	0	2.5	0	711 S Bayshore Blvd Apt 8	San Mateo	CA	94401		7/30/14	http://110.mlsimages.movoto.com/042/424942_4.jpg
262	3	2	1300	59	850000	http://www.redfin.com/CA/San-Mateo/2079-Polk-Ave-94403/home/1897350	37.56506	-122.294586	9	8	8	1	1	3.5	3.5	2079 POLK Ave	San Mateo	CA	94403	6000	7/31/14	http://110.mlsimages.movoto.com/042/424942_4.jpg
263	6	3	3090	29	1450000	http://www.redfin.com/CA/San-Mateo/124-Woodbridge-Cir-94403/home/1200784	37.532207	-122.279564	10	8	8	1	0	3.5	4	124 Woodbridge Cir	San Mateo	CA	94403		8/4/14	http://110.mlsimages.movoto.com/042/424942_4.jpg
264	2	2	1410	89	1302500	http://www.redfin.com/CA/San-Mateo/140-13th-Ave-94402/home/2053186	37.557014	-122.314659	9	8	4	1	0	3	3.5	140 13th Ave	San Mateo	CA	94402		7/23/14	http://110.mlsimages.movoto.com/042/424942_4.jpg
265	4	2	1590	65	828000	http://www.redfin.com/CA/San-Mateo/701-S-Norfolk-St-94401/home/1615217	37.570549	-122.308113	9	8	8	1	0	3	0	701 S NORFOLK St	San Mateo	CA	94401	5800	7/11/14	http://110.mlsimages.movoto.com/042/424942_4.jpg
267	3	2	1650	60	985000	http://www.redfin.com/CA/San-Mateo/2017-Ginnever-St-94403/home/1047425	37.550766	-122.301941	9	8	8	1	0	3	3	2017 Ginnever St	San Mateo	CA	94403		8/20/14	http://110.mlsimages.movoto.com/042/424942_4.jpg
268	2	2	1819	32	820000	http://www.redfin.com/CA/San-Mateo/35-9th-Ave-94401/unit-2/home/976502	37.560326	-122.3209	9	8	8	2	0	4	0	35 9TH Ave unit 2	San Mateo	CA	94401	21316	8/7/14	http://110.mlsimages.movoto.com/042/424942_4.jpg
269	3	1	1140	67	671000	http://www.redfin.com/CA/San-Mateo/307-N-Idaho-St-94401/home/702809	37.576965	-122.322899	9	8	5	1	0	3	0	307 N Idaho St	San Mateo	CA	94401		8/8/14	http://110.mlsimages.movoto.com/042/424942_4.jpg
270	1	1	841	34	457000	http://www.redfin.com/CA/San-Mateo/114-24th-Ave-94403/unit-3/home/1216743	37.544621	-122.308289	9	8	8	2	0	3	0	114 24TH Ave unit 3	San Mateo	CA	94403	13507	7/23/14	http://110.mlsimages.movoto.com/042/424942_4.jpg
271	2	2.5	1254	14	800000	http://www.redfin.com/CA/San-Mateo/1027-Yates-Way-94403/unit-5614/home/1004834	37.545998	-122.294205	9	8	5	2	0	3	0	1027 Yates Way unit 5614	San Mateo	CA	94403		8/25/14	http://110.mlsimages.movoto.com/042/424942_4.jpg
272	2	2	1459	33	675000	http://www.redfin.com/CA/San-Mateo/425-N-El-Camino-Real-94401/unit-101/home/1500420	37.570084	-122.336441	9	8	8	2	0	2.5	0	425 N El Camino Real Apt 101	San Mateo	CA	94401		8/12/14	http://110.mlsimages.movoto.com/042/424942_4.jpg
273	3	2	1330	58	880000	http://www.redfin.com/CA/San-Mateo/2234-Salisbury-Way-94403/home/1182159	37.548386	-122.294983	9	8	8	1	0	2.5	0	2234 Salisbury Way	San Mateo	CA	94403		8/13/14	http://110.mlsimages.movoto.com/042/424942_4.jpg
274	2	2	1020	32	410000	http://www.redfin.com/CA/San-Mateo/240-N-Bayshore-Blvd-94401/unit-213/home/1235236	37.577988	-122.32029	9	8	8	2	0	2.5	0	240 N BAYSHORE Blvd unit 213	San Mateo	CA	94401	63584	8/7/14	http://110.mlsimages.movoto.com/042/424942_4.jpg
275	0	1	390	31	220000	http://www.redfin.com/CA/San-Mateo/324-Catalpa-St-94401/unit-218/home/1888480	37.569878	-122.326714	9	8	8	2	0	2.5	0	324 CATALPA St unit 218	San Mateo	CA	94401	27645	7/14/14	http://110.mlsimages.movoto.com/042/424942_4.jpg
276	2	2.5	1555	35	838000	http://www.redfin.com/CA/San-Mateo/1167-Shoreline-Dr-94404/unit-19-2-5/home/977048	37.556931	-122.289413	9	8	8	2	0	3	0	1167 SHORELINE Dr	San Mateo	CA	94404	109700	7/24/14	http://110.mlsimages.movoto.com/042/424942_4.jpg
